"","y_1 high","y_1 low","y_1 close","y_2 high","y_2 low","y_2 close","$N=M=4$","$N=M=8$","$N=M=16$","$N=M=32$","$N=M=64$"
"1",0.552446157242146,-0.748095307148502,-0.328244948234614,0.0164538884625044,-2.7176235858838,-2.10748781827987,-3.34054575105055,-3.4384293662199,-3.87781693930515,-3.93372182667609,-3.89797603134749
"2",0.170783450812951,-2.26090066047276,-2.2324412046121,0.604019752506321,-0.345346048234706,-0.138640536470354,-1.94573411461991,-2.12043065584453,-2.05407242697367,-2.02996467565544,-2.04357763465175
"3",0.378974272548192,-1.15053819097409,0.321544670056434,1.50550640902273,-0.499092576564013,1.42653858288704,-1.94116224609731,-1.72677658570824,-1.56363845116356,-1.64438130033504,-1.59889934839689
"4",0.413600812346537,-0.827291525201843,0.0252368253809197,0.215763647760114,-2.74673077139801,-2.01576995275344,-5.44471482559002,-5.02206713128738,-5.4720812507106,-4.77990123792326,-7.13722159515457
"5",0.467029208375036,-0.719842210385353,-0.274237059677415,0.0165317305858565,-1.14280321861459,-0.882309545908817,-0.659007090306947,-0.62385442597575,-0.613090817687656,-0.562807419398617,-0.636520209922292
